Workbook
Name CodingRules: Guide!$A$165
Name CreateNewProject: Guide!$A$99
Name InstallIAR: Guide!$A$3

Sheet Agenda
B1: MARQUARDT SUMMER INTERNSHIP 2024
B2: Summer Session starts on July 1, 2024 and ends on July 19, 2024.
B3: Each participant will receive a hardware super-kit comprising:
C4: - 1x Development Board Kit comprising:
D5: - 1x ATmega324PB development board
D6: - 1x IO extension board
D7: - 1x OLED extension board
D8: - 1x USB cable (type micro-B)
C9: - 1x Logic Analyzer Kit comprising:
D10: - 1x Logic Analyzer box
D11: - 1x USB cable (type C)
D12: - 5x wires mother-mother
B13: Please return the hardware super-kit at the end of the Internship! Synch-up with your instructor to receive and return the super-kit!
B15: Workflow | AO15: Tools
B16: Below you have a sketch of our main workflow: | AO16: Below you have a checklist with infrastructure tools/environments used:
AP19: Item | AW19: Expected status
AO20: FALSE | AP20: Whatsapp group | AW20: created & joined
AO21: FALSE | AP21: Google Meet room | AW21: created & having access code
AO22: FALSE | AP22: Dev board kit handover | AW22: received & functional
AO23: FALSE | AP23: IAR Embedded Workbench | AW23: downloaded & installed with 4K trial license
AO24: FALSE | AP24: Google Sheets | AW24: access granted to Work Instructions/Progress
AO25: FALSE | AP25: Github | AS25: FALSE | AT25: server | AW25: account created & access granted
AS26: FALSE | AT26: desktop | AW26: downloaded & installed
AW27: GitHub Desktop App
T28: Upload Project/ `git push`
AF29: quizzes
AF30: reference-documents
AF31: work-instructions
AF32: src
J33: Coding......
S34: Download Reference Documents
U35: Low-stake quizzes
P41: Meetings/ discussions/ Q&A
B47: Project organization
C48: Each participant will organize the project on his local computer under the following mandatory folder structure (Please respect the C:/ path shown below! Do not change it!).
C49: First step: create the following directory
C50: C:/ | E50: MQ_Summer_Internship_2024
C52: Then, in a second step, when you will download from github the repositories, you will save them under the above directory. Therefore the folder structure will finally look like this:
C54: C:/ | E54: MQ_Summer_Internship_2024
F55: Project
F56: Reference_Documents
C58: Each week participants will receive documented Work Instructions. They have an hierarchical numbered structure of Goals-Objectives-Exercises (e.g. 123 means Goal no.1, Objective no.2, Exercise no.3)
C59: The goal is the broader weekly frame you want to develop yourself in and this cannot be achieved without having defined objectives.
C60: Finally, you know you have accomplished an objective by doing its exercises.
C61: Some of the objectives/exercises are optional (they are marked accordingly) so that all different individual study paces are covered.
B63: Timeline
C65: 1.jul | J65: 8.jul | Q65: 15.jul
C66: s1 | J66: s2 | Q66: s3
C67: L | D67: M | E67: M | F67: J | G67: V | H67: S | I67: D | J67: L | K67: M | L67: M | M67: J | N67: V | O67: S | P67: D | Q67: L | R67: M | S67: M | T67: J | U67: V | V67: S | W67: D
C71: Color legend: | H71: on Whatsapp on request
H72: on Google meet => Team meetings
H73: on Google meet => 101 meetings (prefered days)
H74: weekly Work Instructions automatically deployed
H75: weekly (spaced) tests automatically deployed
H76: receiving/returning the hardware super-kits
B78: Meetings
C80: << Team meetings >>
C81: There will be a weekly standard meeting for team synchronisation (established on majority common agreement), on Google Meet (synch-up with your instructor for exact hour).
C82: Typically we will discuss about the objectives and exercises you have to do, clarify requirements and concepts. Duration is variable, usually takes 1-2h.
C83: During the days you will have your time to study and practice based on the defined objectives. You should concentrate yourself on delivering results. For blocking situations you can ask your instructor also outside the meetings.
C84: Additionally, a communication WhatsApp group will be created, therefore you can also ask your colleagues there.
C86: << 101 meetings >>
C87: There will be also a 45 min weekly personal meeting (the so called 101 meetings) with your instructor to check your progress. Typically you should present your progress, receive feedback, analyze the
C88: code and concepts, watch for signals on logic analyzer. The code will be shared via https://github.com/ platform. You will receive access rights from your instructor.
B90: Agenda
C91: The following is a summary of the agenda prepared:
C92: Week 1
D93: - Refresh your knowledge on C programming, microcontrollers, electronics
D94: - Build your first project/program code
D95: - Working with LEDs and programming GPIO
D96: - Building a control panel
C97: Week 2
D98: - Working with ADC
D99: - Working with Timers
C100: Week 3
D101: - Working with PWM signals
D102: - Serial communication UART
D103: - Further development activities you can do (maybe you want to buy your own dev kit for personal projects)
D104: - Conclusions and Feedback

Sheet Guide
B1: MARQUARDT SUMMER INTERNSHIP 2024
B2: Guidelines on how to install IAR Embedded Workbench IDE + creating a new project
B3: How to install IAR Embedded Workbench IDE
C4: Go to IAR website and choose the product as in the picture below:
C24: Then scroll down the page to the supported architectures and choose AVR:
C40: Then go down the page until you encounter the trial version box.
C63: Download the trial version and install the latest package version. You will be asked to introduce a license number: choose to get an evaluation license and register yourself on the IAR’s website as below:
C64: Be attentive !!! to choose 4K code size !!! version of the evaluation license !!!
C96: You will get by email a license code which you will use further.
C97: Now you are ready to start a new project with IAR Embedded Workbench!
B99: How to create a new project
C100: Follow the steps below:
C101: 1 | D101: Connect the main ATMega324PB board via USB to your PC/laptop.
D102: Green LED (Power) should be lit.
C103: 2 | D103: Open IAR Embedded Workbench IDE.
C104: 3 | D104: From menu bar create a new project IAR:
D105: Project -> Create New Project -> C -> main -> OK
C126: 4 | D126: Save the project with the following name SpringInternship2023 (observe the file extension is .ewp). Save it to Project folder.
C127: 5 | D127: Save the workspace: File -> Save All then choose a name for it as the following
D128: pattern shows (e.g. StanC) (observe the file extension is now .eww). The difference
D129: between project and workspace is that a workspace can hold many other projects.
C130: 6 | D130: Further on, there are three settings you have to make: choose the microcontroller type and the debugger type and finally shutdown compiler optimizations.
D139: First, right click on project name in the Project browser -> Options -> General Options -> Target -> Processor Configuration -> ATmega324PB
D140: (look on the development board and visually check you have indeed the ATmega324PB!!!).
D141: Second option is on Debugger area, where you select Atmel-ICE from the drop-down list (attention!!! DO NOT select SIMULATOR!!!). Confirm with OK.
D161: Third, go to C/C++ Compiler -> (tab) Optimizations -> Level -> None.
C163: 7 | D163: That's it! this is all you need to get started on writing code, downloading, run it and/or debugging.
B165: Coding rules
C167: 1 | D167: comment your code at each line (relevant line & relevant comment)
C168: 2 | D168: one exercise = one commit on github
C169: 3 | D169: place a comment at the beginning of the file showing what exercise is it (USE 123 SCHEMATIC)
C170: 4 | D170: upload on github only compilable & runable code!!! full project (all files included) | L170: FOR YOUR INFO | M170: 🔊
C171: 5 | D171: no use of magic numbers (use #defines instead) | L171: Smelly code and Magic Numbers - YouTube
C172: 6 | D172: use #include " " for your own modules, not < >
C173: 7 | D173: start to name your functions and variables with a prefix of the module
E174: e.g. tc0 is my module
F175: => tc0_init( ), tc0_set_value( ) are functions
F176: => tc0_counter, tc0_temp are variables
B178: How to work with LOGIC ANALYZER (example for LED0 exercise)
C180: 1 | D180: Cables connection must be done when the analyzer is NOT POWERED!!!
D182: 1.1 | E182: We make this convention to connect the ribbon cable to work as standard as possible.
H183: Therefore we will use only odd channels CH1, CH3, CH5, CH7. | L183: FOR YOUR INFO | M183: 🔊
H184: In the majority of our use cases these 4 channels are sufficient. | L184: USB Logic Analyzer - 24MHz/8-Channel - SparkFun Electronics
H185: So, color legend:
H186: CH1 = green
H187: CH3 = yellow
H188: CH5 = orange
H189: CH7 = red
H190: GND = brown
H191: The odd channels are on the bottom pin row (as in the picture).
D194: 1.2 | E194: Ground (GND) wire must be connected to a GND pin on the main development board
E195: (we choose pin 2 = GND from EXT3 header because this header is left open/unplugged).
F196: BACK VIEW | I196: FRONT VIEW
D209: 1.3 | E209: LED0 is connected to pin PC7 therefore one of the logic analyzer's channels must be connected to this pin
E210: in order to record the electrical signal applied to LED0 (pin PC7 = PC07 = pin 4).
F211: BACK VIEW | I211: FRONT VIEW
C228: 2 | D228: Read carefully the instructions from this link below to install & use PulseView software on your PC.
D229: Using the USB Logic Analyzer with sigrok PulseView - SparkFun Learn
B231: Development Kit for beginners (not used in internship)
C232: No. crt. | F232: Component | J232: Price RON | K232: Supplier
C233: 1 | F233: Plusivo kit (within a box LxlxH = 200x132x45) | J233: 149 | K233: https://www.optimusdigital.ro/ro/kituri/12333-kit-plusivo-microcontroller-starter.html?gclid=Cj0KCQiA3eGfBhCeARIsACpJNU86VeCj8GGgFff3iqX9eNE3NqsATU6Uj1DH0dk4hXpYFsLFTuVRwoEaAqG1EALw_wcB
C234: 2 | F234: I2C translator for LCD 1602 (additional to the Plusivo kit) | J234: 8.99 | K234: https://www.optimusdigital.ro/ro/adaptoare-i-convertoare/89-adaptor-i2c-pentru-lcd-1602.html?gclid=Cj0KCQiA3eGfBhCeARIsACpJNU9oYRlh20Sr1rMR73bcYMzlHenujwi9TngvRa1rMo_5Tm5PTJ-3-SoaAi5zEALw_wcB
C235: 3 | F235: Multimeter (has 2x AAA batteries included) | J235: 39.99 | K235: https://www.optimusdigital.ro/ro/multimetre/12025-multimetru-dm101.html?search_query=multimetru&results=28
C236: 4 | F236: Logic Analyzer ( here you have the model ) | J236: 140 | K236: UNITEL SIBIU, you send them an email: unitel@rdslink.ro, includes TVA + transport tax
C237: 5 | F237: Power supply 12V 1A | J237: 14.99 | K237: https://www.optimusdigital.ro/ro/electronica-de-putere-alimentatoare-priza/2885-alimentator-stabilizat-12v-1000ma.html?search_query=alimentator+12v&results=8
C238: 6 | F238: Plastic box LxlxH = 260x170x95 (to contain all of the above) | J238: 10.9 | K238: https://www.officedirect.ro/accesorii-pentru-birou/produse-pentru-ambalat/cutie-depozitare-din-plastic-cu-manere-si-capac-2-5-l?gclid=CjwKCAjw4c-ZBhAEEiwAZ105RcgxLGlltQMUjVgssIn-gL40F5VdmEcWRYIu37420beefFFpX6nlPhoC6dkQAvD_BwE
I239: TOTAL | J239: =SUM(J233:J238) -> 363.87
F240: Optional
C241: 7 | F241: Kit of 37 types of sensors for Arduino | J241: 118.96 | K241: https://www.emag.ro/kit-senzori-pentru-arduino-37-in-1-72403/pd/D0STG8BBM/
C242: 8 | F242: ESP8266 (to extend towards wireless and IoT domain) | J242: 29.99 | K242: https://www.optimusdigital.ro/en/esp8266-boards/3312-wemos-micro-placa-de-dezvoltare-wifi-cu-esp8266-i-ch340g.html?gclid=Cj0KCQiA3eGfBhCeARIsACpJNU-7xxRy98K6xykXMupjA5RbwudEAfignN-ktK8sJSLfI76J-kpLEfAaAgVcEALw_wcB

Sheet MyProgress
B1: MARQUARDT SUMMER INTERNSHIP 2024
B3: Your progress | F3: =SUM(F6,L6,R6,X6,AD6,F17,L17)/7 -> 0 | G3: =IFERROR(__xludf.DUMMYFUNCTION("SPARKLINE(F3,{""charttype"",""bar"";""max"",1})"),"")
B6: Week 1 | F6: ='W1-part1'!K2 -> 0 | H6: Week 2 | L6: ='W1-part2'!K2 -> 0 | N6: Week 3 | R6: ='W2-part1'!K2 -> 0
B7: Obj 1 | C7: ='W1-part1'!B11 -> 🥇 | D7: ='W1-part1'!C11 -> 0 | E7: =IFERROR(__xludf.DUMMYFUNCTION("SPARKLINE(D7,{""charttype"",""bar"";""max"",1;""min"",0;""color1"",IF(D7>0.75,""green"",IF(D7>0.5,""yellow"",""red""))})"),"") | H7: Obj 1 | I7: 🥇 | J7: ='W1-part2'!C12 -> 0 | K7: =IFERROR(__xludf.DUMMYFUNCTION("SPARKLINE(J7,{""charttype"",""bar"";""max"",1;""min"",0;""color1"",IF(J7>0.75,""green"",IF(J7>0.5,""yellow"",""red""))})"),"") | N7: Obj 1 | O7: 🥇 | P7: ='W2-part1'!C13 -> 0 | Q7: =IFERROR(__xludf.DUMMYFUNCTION("SPARKLINE(P7,{""charttype"",""bar"";""max"",1;""min"",0;""color1"",IF(P7>0.75,""green"",IF(P7>0.5,""yellow"",""red""))})"),"")
B8: Obj 2 | C8: 🥇 | D8: ='W1-part1'!C34 -> 0 | E8: =IFERROR(__xludf.DUMMYFUNCTION("SPARKLINE(D8,{""charttype"",""bar"";""max"",1;""min"",0;""color1"",IF(D8>0.75,""green"",IF(D8>0.5,""yellow"",""red""))})"),"") | H8: Obj 2 | I8: 🥇 | J8: ='W1-part2'!C36 -> 0 | K8: =IFERROR(__xludf.DUMMYFUNCTION("SPARKLINE(J8,{""charttype"",""bar"";""max"",1;""min"",0;""color1"",IF(J8>0.75,""green"",IF(J8>0.5,""yellow"",""red""))})"),"") | N8: Obj 2 | O8: 🥇 | P8: ='W2-part1'!C64 -> 0 | Q8: =IFERROR(__xludf.DUMMYFUNCTION("SPARKLINE(P8,{""charttype"",""bar"";""max"",1;""min"",0;""color1"",IF(P8>0.75,""green"",IF(P8>0.5,""yellow"",""red""))})"),"")
B9: Obj 3 | C9: 🥇 | D9: ='W1-part1'!C47 -> 0 | E9: =IFERROR(__xludf.DUMMYFUNCTION("SPARKLINE(D9,{""charttype"",""bar"";""max"",1;""min"",0;""color1"",IF(D9>0.75,""green"",IF(D9>0.5,""yellow"",""red""))})"),"") | H9: Obj 3 | I9: 🥇 | J9: ='W1-part2'!C71 -> 0 | K9: =IFERROR(__xludf.DUMMYFUNCTION("SPARKLINE(J9,{""charttype"",""bar"";""max"",1;""min"",0;""color1"",IF(J9>0.75,""green"",IF(J9>0.5,""yellow"",""red""))})"),"") | N9: Obj 3 | O9: 🥇 | P9: ='W2-part1'!C89 -> 0 | Q9: =IFERROR(__xludf.DUMMYFUNCTION("SPARKLINE(P9,{""charttype"",""bar"";""max"",1;""min"",0;""color1"",IF(P9>0.75,""green"",IF(P9>0.5,""yellow"",""red""))})"),"")
B10: Obj 4 | C10: 🥇 | D10: ='W1-part1'!C61 -> 0 | E10: =IFERROR(__xludf.DUMMYFUNCTION("SPARKLINE(D10,{""charttype"",""bar"";""max"",1;""min"",0;""color1"",IF(D10>0.75,""green"",IF(D10>0.5,""yellow"",""red""))})"),"") | H10: Obj 4 | I10: 🥇 | J10: ='W1-part2'!C89 -> 0 | K10: =IFERROR(__xludf.DUMMYFUNCTION("SPARKLINE(J10,{""charttype"",""bar"";""max"",1;""min"",0;""color1"",IF(J10>0.75,""green"",IF(J10>0.5,""yellow"",""red""))})"),"") | N10: Obj 4 | O10: 🥇 | P10: ='W2-part1'!C113 -> 0 | Q10: =IFERROR(__xludf.DUMMYFUNCTION("SPARKLINE(P10,{""charttype"",""bar"";""max"",1;""min"",0;""color1"",IF(P10>0.75,""green"",IF(P10>0.5,""yellow"",""red""))})"),"")
B11: Obj 5 | C11: 🥇 | D11: ='W1-part1'!C92 -> 0 | E11: =IFERROR(__xludf.DUMMYFUNCTION("SPARKLINE(D11,{""charttype"",""bar"";""max"",1;""min"",0;""color1"",IF(D11>0.75,""green"",IF(D11>0.5,""yellow"",""red""))})"),"") | H11: Obj 5 | I11: 🥇 | J11: ='W1-part2'!C150 -> 0 | K11: =IFERROR(__xludf.DUMMYFUNCTION("SPARKLINE(J11,{""charttype"",""bar"";""max"",1;""min"",0;""color1"",IF(J11>0.75,""green"",IF(J11>0.5,""yellow"",""red""))})"),"") | N11: Obj 5 | O11: 🥇 | P11: ='W2-part1'!C148 -> 0 | Q11: =IFERROR(__xludf.DUMMYFUNCTION("SPARKLINE(P11,{""charttype"",""bar"";""max"",1;""min"",0;""color1"",IF(P11>0.75,""green"",IF(P11>0.5,""yellow"",""red""))})"),"")
B12: Obj 6 | C12: 🥇 | D12: ='W1-part1'!C177 -> 0 | E12: =IFERROR(__xludf.DUMMYFUNCTION("SPARKLINE(D12,{""charttype"",""bar"";""max"",1;""min"",0;""color1"",IF(D12>0.75,""green"",IF(D12>0.5,""yellow"",""red""))})"),"") | H12: Obj 6 | I12: 🥇 | J12: ='W1-part2'!C169 -> 0 | K12: =IFERROR(__xludf.DUMMYFUNCTION("SPARKLINE(J12,{""charttype"",""bar"";""max"",1;""min"",0;""color1"",IF(J12>0.75,""green"",IF(J12>0.5,""yellow"",""red""))})"),"") | N12: Obj 6 | O12: 🥇 | P12: ='W2-part1'!C220 -> 0 | Q12: =IFERROR(__xludf.DUMMYFUNCTION("SPARKLINE(P12,{""charttype"",""bar"";""max"",1;""min"",0;""color1"",IF(P12>0.75,""green"",IF(P12>0.5,""yellow"",""red""))})"),"")
B13: Obj 7 | C13: 🥇 | D13: ='W1-part1'!C254 -> 0 | E13: =IFERROR(__xludf.DUMMYFUNCTION("SPARKLINE(D13,{""charttype"",""bar"";""max"",1;""min"",0;""color1"",IF(D13>0.75,""green"",IF(D13>0.5,""yellow"",""red""))})"),"")

Sheet MyTests
B1: MARQUARDT SUMMER INTERNSHIP 2024
C2: Reference Score | D2: Your Current Score
A3: Week | B3: Test Link | C3: =SUM(C4:C6) -> 47 | D3: =SUM(D4:D6) -> 0 | F3: You are doing better than | G3: x | H3: % of your peers.
A4: 1 | B4: Review 1 | C4: 12
A5: 2 | B5: Review 2 | C5: 15
A6: 3 | B6: Review 3 | C6: 20

Sheet W1-part1
B1: MARQUARDT SUMMER INTERNSHIP 2024
B2: GOAL FOR THIS WEEK 1: set up the stage for software embedded development | K2: =SUM(C11,C34,C47,C61,C92,C177,C254)/7 -> 0 | M2: =COUNTIF(L13:L308,TRUE)/O2 -> 0 | N2: of | O2: =SUM(COUNTIF(L13:L308,TRUE),COUNTIF(L13:L308,FALSE)) -> 19 | P2: additional materials
C3: By the end of this week you should be able to recognize and control your system and tools very effectively and efficiently.
C4: Also you must be honest to yourself making an assessment for your knowledge/skill level from where you start to grow.
C5: On short what you will do this week:
D6: - get to know your dev boards, IDE and backend compiler.
D7: - refresh your knowledge on C programming language, microcontrollers and basic electronics
B10: Objective 1: Knowing your main development board (you can get help by opening also User Guide for ATMega324PB Xplained PRO)
B11: 🥇 | C11: =COUNTIF(D13:D24,TRUE)/COUNT(C13:C24) -> 0 | E11: =IFERROR(__xludf.DUMMYFUNCTION("SPARKLINE(C11,{""charttype"",""bar"";""max"",1;""min"",0;""color1"",IF(C11>0.75,""green"",IF(C11>0.5,""yellow"",""red""))})"),"")
C13: 111 | D13: FALSE | E13: Search and identify ATMega324PB microcontroller on the board.
C14: 112 | D14: FALSE | E14: Search and identify LED0, a LED that you will program to lit later
C15: 113 | D15: FALSE | E15: Search and identify SW0, a switch that you will program later to be interpreted as pressed/not pressed.
C16: 114 | D16: FALSE | E16: Search and identify other components like external oscillator and debugger chip/microcontroller.
C17: 115 | D17: FALSE | E17: How many extension headers there are on the board?
F18: ( <<< just fill in the number ) | M18: FOR YOUR INFO | P18: 🔊
C19: 116 | D19: FALSE | E19: How are the extension headers labeled? | M19: During internship you will develop embedded applications without using wires in circuits because the boards
F20: ( <<< one example of label found ) | M20: can be easily connected via built-in connectors. It is a safe practice, especially now that you are new
C21: 117 | D21: FALSE | E21: Search and identify GND and VCC pins on the headers and on the power connector. | M21: to embedded and PCB burn-outs should be avoided. But remember that in the office you will be often
C22: 118 | D22: FALSE | E22: Connect the USB cable to the main board and you should see the green LED lit. | M22: required to solder some wires on the PCB with all the necessary safety measures!
C24: 119 | D24: FALSE | E24: OPTIONAL | F24: Even though you don't have an external power supply connected to VCC and GND the board is still | M24: FOR YOUR INFO | P24: 🔊
F25: powered up (green LED lit) when pluging in the USB cable. How can you explain that? | M25: You can watch/read on about Human-Body Model used in electrostatic discharges here:
G26: (<<< your answer here) | L26: FALSE | M26: Understanding Electrostatic Discharge (ESD) for Technicians - YouTube | S26: 😂👍
L27: FALSE | M27: What is ESD? Learn more about the basics of electrostatic charge - YouTube
L28: FALSE | M28: Human-body model - Wikipedia
L29: FALSE | M29: Human-Body Model and Electrostatic Discharge (ESD) Tests - In Compliance Magazine | Q29: 😮
B32: Objective 2: Knowing your extension board (OLED1) (you can get help by opening User Guide for OLED1 Xplained PRO)
B33: DO NOT CONNECT the extension board to the main board yet!!! Follow the exercises!!!
B34: 🥇 | C34: =COUNTIF(D36:D41,TRUE)/COUNT(C36:C41) -> 0 | E34: =IFERROR(__xludf.DUMMYFUNCTION("SPARKLINE(C34,{""charttype"",""bar"";""max"",1;""min"",0;""color1"",IF(C34>0.75,""green"",IF(C34>0.5,""yellow"",""red""))})"),"")
C36: 121 | D36: FALSE | E36: Search and identify OLED display.
C37: 122 | D37: FALSE | E37: Search and identify LED1, LED2 and LED3 that you will program to lit.
C38: 123 | D38: FALSE | E38: Search and identify BUTTON 1, BUTTON 2 and BUTTON 3.
C39: 124 | D39: FALSE | E39: Search and identify the extension header.
C40: 125 | D40: FALSE | E40: Search and identify GND and VCC pin on the header.
C41: 126 | D41: FALSE | E41: Now, follow this 3-steps procedure: (1) unplug the USB cable from PC/laptop!!! (2) connect OLED1
E42: board to EXT1 header from the main board and (3) finally reconnect the USB cable to the PC/laptop.
E43: You must ALWAYS follow this procedure when you want to connect something to the main board!
B45: Objective 3: Knowing your extension board (IO1) (you can get help by opening User Guide for IO1 Xplained PRO)
B46: DO NOT CONNECT the extension board to the main board yet!!! Follow the exercises!!!
B47: 🥇 | C47: =COUNTIF(D49:D56,TRUE)/COUNT(C49:C56) -> 0 | E47: =IFERROR(__xludf.DUMMYFUNCTION("SPARKLINE(C47,{""charttype"",""bar"";""max"",1;""min"",0;""color1"",IF(C47>0.75,""green"",IF(C47>0.5,""yellow"",""red""))})"),"")
C49: 131 | D49: FALSE | E49: Search and identify the light sensor.
C50: 132 | D50: FALSE | E50: Search and identify the temperature sensor.
C51: 133 | D51: FALSE | E51: Search and identify the lowpass filter.
C52: 134 | D52: FALSE | E52: Search and identify the microSD card slot.
C53: 135 | D53: FALSE | E53: Search and identify the LED on the board.
C54: 136 | D54: FALSE | E54: Search and identify the extension header.
C55: 137 | D55: FALSE | E55: Search and identify GND and VCC pin on the header.
C56: 138 | D56: FALSE | E56: Now, follow this 3-steps procedure: (1) unplug the USB cable from PC/laptop!!! (2) connect IO1
E57: board to EXT4 header from the main board and (3) finally reconnect the USB cable to the PC/laptop.
E58: You must ALWAYS follow this procedure when you want to connect something to the main board!
B60: Objective 4: Build a new project with IAR Embedded Workbench IDE
B61: 🥇 | C61: =COUNTIF(D63:D89,TRUE)/COUNT(C63:Z89) -> 0 | E61: =IFERROR(__xludf.DUMMYFUNCTION("SPARKLINE(C61,{""charttype"",""bar"";""max"",1;""min"",0;""color1"",IF(C61>0.75,""green"",IF(C61>0.5,""yellow"",""red""))})"),"")
C63: 141 | D63: FALSE | E63: Install IAR Embedded Workbench on your computer (see Guide on how to do this).
C64: 142 | D64: FALSE | E64: First steps to follow when creating a new project in IAR EW are described in the same Guide.
C65: 143 | D65: FALSE | E65: Write the following code in main.c file. It will be programmed (flashed/downloaded) on | M65: FOR YOUR INFO | P65: 🔊
E66: the ATmega 324PB microcontroller by selecting Download and Debug . Once you | M66: In high level programming (e.g. languages like C++, C#, Java) you will find the function main( ) as first
E67: do this you are in DEBUGGING mode. To exit DEBUGGING mode you select the icon | M67: function in the program that is executed and where all other functions callings are happening. Well, in
E68: Stop debugging. | M68: embedded, there is a world before main( ) (therefore the main( ) function becomes a trivial function
M69: like any other, the entry point in the execution of the program it is another code that is executed before
M70: the main( ) function. This code usually is dubbed as startup code.
M71: You can visualize this startup code in Dissasembly window of IAR EW.
C83: 144 | D83: FALSE | E83: Try out the functionality of all buttons used for debugging (the blue buttons) to get familiar with their effects.
E84: e.g. RESET, RUN UNTIL CURSOR, STEP OVER, etc....
C86: 145 | D86: FALSE | E86: Try out the windows in IDE: observe in Watch window the variables (right-click to change the format in decimal or hexa),
E87: check the Memory window for placement of those variables in memory (at what address they are?), observe in
E88: the Registers window the changing PC (Program Counter) and SP(Stack Pointer) as you go through the program step wise. | M88: FOR YOUR INFO | P88: 🔊
C89: 146 | D89: FALSE | E89: Now that you are finishing Objective 4, you must upload your project files to github.com as instructed on your personal branch. | L89: FALSE | M89: Git Tutorial (w3schools.com)
B91: Objective 5: Refresh your C programming language know-how
B92: 🥇 | C92: =COUNTIF(D94:D172,TRUE)/COUNT(C94:C172) -> 0 | E92: =IFERROR(__xludf.DUMMYFUNCTION("SPARKLINE(C92,{""charttype"",""bar"";""max"",1;""min"",0;""color1"",IF(C92>0.75,""green"",IF(C92>0.5,""yellow"",""red""))})"),"")
M93: FOR YOUR INFO | P93: 🔊
C94: 151 | D94: FALSE | E94: How to handle the different numeration systems (binary, decimal, hexadecimal): | M94: Embedded C difference
E95: Why Do Computers Use 1s and 0s? Binary and Transistors Explained. - YouTube | L95: FALSE | M95: What Actually is Embedded C/C++? Is it different from C/C++? - YouTube
E96: How To Convert Binary to Hexadecimal - YouTube
E97: How To Convert Hexadecimal To Binary | M97: Why you should master the hexadecimal system: | R97: 👍
E98: How To Convert Decimal to Binary - YouTube | L98: FALSE | M98: Why do programmers use hexadecimal numbers? - YouTube
E99: How To Add and Subtract Binary Numbers - YouTube
E100: Binary Addition and Subtraction With Negative Numbers, 2's Complements & Signed Magnitude - YouTube
E101: Now, are you able to create a single question for testing your colleague's knowledge on these topics?
E102: The question you create will be used later to build up a quiz for the students group and must be of type
E103: "multiple choices - single answer" or "true-false" (include the correct answer also).
F104: ( <<< your question here )
C106: 152 | D106: FALSE | E106: In the program code above insert comments explaining what the program does (sum up two numbers).
E107: The preprocessor will output files with extension .i. Check how the preprocessor works using the | M107: FOR YOUR INFO | P107: 🔊
E108: settings showed below. Visualize the .i files and observe how the code comments are preprocessed | M108: Quick presentation on compiler:
E109: for your main.c file. | L109: FALSE | M109: How do computers read code? - YouTube
F110: ( <<< write down your observations here ) | M110: About assembly language:
L111: FALSE | M111: Why should I learn assembly language = complete waste of time?
M112: An interesting crash course on computer science:
L113: FALSE | M113: Crash Course Computer Science Preview - YouTube
E127: From this exercise on you must upload your project files to github.com as instructed to your personal branch.
E128: You do this after each exercise so that we can check the differences between exercices.
C129: 153 | D129: FALSE | E129: Now you must delete the code from the previous exercise in IAR EW (because the exercises are not
E130: linked together). For the code below, what value will have the VAR constant? (you can easily see this if you store the VAR
E131: into a variable and look at main.i preprocessed file)
F132: #if MAX == 1
F133: #define VAR 4
F134: #else
F135: #define VAR 5
F136: #endif
C137: 154 | D137: FALSE | E137: What this code will do?
F138: #define MAX 10
...

Sheet W1-part2
B1: MARQUARDT SUMMER INTERNSHIP 2024
B2: GOAL FOR THIS WEEK 2: Design a good software program for controlling LEDs and buttons | K2: =SUM(C12,C36,C71,C89,C150,C169)/6 -> 0 | M2: =COUNTIF(L13:L225,TRUE)/O2 -> 0 | N2: of | O2: =SUM(COUNTIF(L13:L225,TRUE),COUNTIF(L13:L225,FALSE)) -> 6 | P2: additional materials
C3: By the end of this week you should be able to control basic elements of every embedded system: LEDs and buttons.
C4: Personal programming style/performance should be acknowledged and improved (comments, clarity, modularity).
C5: On short what you will do this week:
D6: - get to control some LEDs
D7: - use generalization, modular programming and other software design principles to improve your coding style/performance
D8: - use polling to read buttons
B11: Objective 1: Turn on user LED0
B12: 🥇 | C12: =(COUNTIF(D14:D31,TRUE))/COUNT(C14:C31) -> 0 | E12: =IFERROR(__xludf.DUMMYFUNCTION("SPARKLINE(C12,{""charttype"",""bar"";""max"",1;""min"",0;""color1"",IF(C12>0.75,""green"",IF(C12>0.5,""yellow"",""red""))})"),"")
C14: 211 | D14: FALSE | E14: Clean your main.c file and include the header file iom324pb.h using include directive (#include). The
E15: function main( ) should be of type void and it has no return statement because it is never returning! Compared to PC
E16: software program, the embedded software program has this unique characteristic: it is stuck | M16: FOR YOUR INFO | P16: 🔊
E17: in an infinite while(1) loop. Intentionally!!! Therefore your program must have this loop also. | M17: Explore how microcontrollers work here:
L18: FALSE | M18: Exploring How Computers Work - YouTube
C19: 212 | D19: FALSE | E19: How many pins does the PORTC port have? | I19: (<<< your answer here)
C20: 213 | D20: FALSE | E20: How many GPIO (General Purpose Input Output) ports does the ATmega324PB microcontroller
E21: have in total? | I21: (<<< your answer here)
C23: 214 | D23: FALSE | E23: Search in the dev board User Guide the port and the pin to which LED0 is connected and how you
E24: should light up (or activate) LED0. Read carefully, repeatedly (maybe 10x), see if you really understand that information.
E25: You can correlate with the information from electronic schematic of our dev board.
E26: See if the all these information match in your mind with the general knowledge on LEDs control acquired last week.
E27: Further correlate with microcontroller datasheet on how to configure the pins (chapter 16.2.1).
C28: 215 | D28: FALSE | E28: Write a program code for light up the LED0. You need to take control over the registers implied in turning LED0 on.
E29: Compile and download the code.
E30: Run the code in order to see LED0 on. Congrats! | H30: 👏👏👏
C31: 216 | D31: FALSE | E31: Program LED0 to be turned on for 1 second*, turned off for the next 1 second and so on (repeat the sequence).
E32: *Note: for the LED0 to stay 1 second turned on you will need to use a time delay. We are calling it software delay.
E33: A software delay can be build using a for loop big enough to count for 1 second.
B35: Objective 2: Turn on external LEDs
B36: 🥇 | C36: =COUNTIF(D38:D58,TRUE)/COUNT(C38:C58) -> 0 | E36: =IFERROR(__xludf.DUMMYFUNCTION("SPARKLINE(C36,{""charttype"",""bar"";""max"",1;""min"",0;""color1"",IF(C36>0.75,""green"",IF(C36>0.5,""yellow"",""red""))})"),"")
C38: 221 | D38: FALSE | E38: Check the electronic schematic of the ATMega324PB development board. Is there any resistor
E39: connected with the integrated LED0 in order to protect it? What value has that resistor?
G40: ( <<< resistor value here ) | M40: FOR YOUR INFO | P40: 🔊
M41: Explore how LEDs are working:
C42: 222 | D42: FALSE | E42: In Reference_Documents folder you find the electronic schematics for OLED1 and IO1 boards (check .zip files). | L42: FALSE | M42: Light-Emitting Diodes (LEDs) - SparkFun Learn
E43: Can you figure it out, just by reading the schematics (NOT the User Guide!!!), how to turn on | M43: How to work with bitmasks
E44: the contained LEDs for each board? | L44: FALSE | M44: What are Bit Masks, and how do I use them?
C45: 223 | D45: FALSE | E45: Check that OLED1 extension board is connected to EXT1 header. Program all 3 LEDs to be turned on at once.
E46: Double check(!) with User Guide for OLED1 to see if schematics information matches with regards to LEDs activation.
C47: 224 | D47: FALSE | E47: Make a program where LEDs are individually turned on and off (for half a second) in a repetitive sequence.
C48: 225 | D48: FALSE | E48: Make a program where LEDs are individually turned on and off (for half a second) in the following
E49: sequence: LED1 and LED3 are on when LED2 is off, then LED2 is on when LED1 and LED3 are off.
C50: 226 | D50: FALSE | E50: Make a program where LEDs are individually turned on and off (for half a second) in the following
E51: sequence, described by the table:
E52: LED id | F52: initial state | G52: state 1 | H52: state 2 | I52: state 3
G53: << repetitive sequence >>
E54: 1 | F54: OFF | G54: ON | H54: OFF | I54: ON
E55: 2 | F55: OFF | G55: ON | H55: ON | I55: OFF
E56: 3 | F56: OFF | G56: OFF | H56: ON | I56: ON
C58: 227 | D58: FALSE | E58: But wait: have you asked yourself so far that you should have put a resistor in the connection with LEDs?
E59: You missed the resistor but the LEDs are working fine. Why? | J59: (<<< answer here)
C60: 228 | D60: FALSE | E60: OPTIONAL | F60: Make your own Christmas Tree like sequence, for playing the LEDs and describe it in the table below.
F61: Up to 5 states and 5 LEDs available(not mandatory to use them all).
E62: LED id | F62: initial state | G62: state 1 | H62: state 2 | I62: state 3 | J62: state 4 | K62: state 5
G63: << repetitive sequence >>
E64: 1
E65: 2
E66: 3
E67: 4
E68: 5
B70: Objective | D70: 3 | E70: GPIO and Generalization Principle
B71: 🥇 | C71: =COUNTIF(D73:D78,TRUE)/COUNT(C73:C78) -> 0 | E71: =IFERROR(__xludf.DUMMYFUNCTION("SPARKLINE(C71,{""charttype"",""bar"";""max"",1;""min"",0;""color1"",IF(C71>0.75,""green"",IF(C71>0.5,""yellow"",""red""))})"),"")
C73: 231 | D73: FALSE | E73: Build a single function e.g. set_pin( … ) to set (set=means writing value "1" to bit) any pin from register PORTC,
E74: without affecting the sate of the remaining pins from the PORTC. What parameters do you
E75: need to build the function? Test this function with LEDs connected to PORTC pins.
C76: 232 | D76: FALSE | E76: Build another function e.g. reset_pin( … ) to reset (reset=means writing value "0" to bit) any pin from the same register
E77: without changing the other pins value from the register. Test with LEDs connected to PORTC.
C78: 233 | D78: FALSE | E78: Finally, build a function only for managing the direction (input/output) of any pin. It can be named e.g.
E79: set_direction ( ... ). What parameters should it receive and what values should it return?
C80: 234 | D80: FALSE | E80: OPTIONAL | F80: Build yet another function e.g. toggle_pin( … ) to toggle any pin from the same register,
F81: without affecting any other pin from the register.
C82: 235 | D82: FALSE | E82: OPTIONAL | F82: A real challenge is to reduce the complexity of the code for each function above,
F83: by writing the functionality of each function in a single line of code! How can you realize this?
C84: 236 | D84: FALSE | E84: OPTIONAL | F84: Yet another challenge is to generalize the functions above to cover all existing ports and pins on this
F85: ATmega324PB microcontroller! In this way you will cover any connection LED <=> pin!
F86: What parameters you could design your function to have in order to cover the existing variability?
B88: Objective 4: Modular programming
B89: 🥇 | C89: =COUNTIF(D91:D134,TRUE)/COUNT(C91:C134) -> 0 | E89: =IFERROR(__xludf.DUMMYFUNCTION("SPARKLINE(C89,{""charttype"",""bar"";""max"",1;""min"",0;""color1"",IF(C89>0.75,""green"",IF(C89>0.5,""yellow"",""red""))})"),"")
C91: 241 | D91: FALSE | E91: Reorganize your code written until now using the following templates from Reference_Documents folder.
E92: mod.c | F92: mod.h
E93: File mod.c is divided into several areas: | M93: FOR YOUR INFO | P93: 🔊
E94: - information about who is the author of this module and the date on which it was created | M94: Explore how LEDs are working:
E95: - the area where other necessary headers for this module are included | L95: FALSE | M95: Modular programming - Wikipedia
E96: - definition area of static variables (private to this module) | L96: FALSE | M96: C "Modules" - Tutorial
E97: - declaration area of static functions (private to this module)
E98: - definition area of public functions (which will be seen by other modules, interfaces provided)
E99: - definition area of static functions (hidden in this module)
E100: File mod.h is the interface of this module with other modules and contains:
E101: - information about who is the author of this module and the date on which it was created
E102: - declaration area of data types used in this module and the constant values (#define)
E103: - declaration area of public functions (those that can be called in other modules)
E105: Therefore build two files gpio.c and gpio.h. In general, there is a convention that this
E106: combination of files (.c and .h) represents a software module. Several software modules can be
E107: grouped into a software component, but this is not a fixed rule, often the definition of a module being
E108: the same as the definition of a component. So the module you created is the gpio module. The gpio
E109: module must contain only functions and variables used in the very basic management/handling of the
... E115: organize our software program in a modular way?
F116: (<<< your answer here)
C118: 242 | D118: FALSE | E118: Further separate the software program, considering the functionality of the LEDs (on, off). Create a
...

Sheet W2-part1
B1: MARQUARDT SUMMER INTERNSHIP 2024
B2: GOAL FOR THIS WEEK 3: Interrupts and Analog-to-Digital conversions | K2: =SUM(C13,C64,C89,C113,C148,C220)/6 -> 0 | O2: =COUNTIF(N13:N221,TRUE)/Q2 -> 0 | P2: of | Q2: =SUM(COUNTIF(N13:N221,TRUE),COUNTIF(N13:N221,FALSE)) -> 8 | R2: additional materials
C3: By the end of this week you should be able to handle the interrupts and an AD conversion.
C4: Personal programming style/performance should be acknowledged and improved further (coding rules and naming conventions).
C5: On short what you will do this week:
D6: - get to control buttons by interrupts
D7: - redesign you code respecting some basic naming conventions/rules
D8: - build a main application: CONTROL PANEL
D9: - control the ADC and light sensor
B12: Objective 1: "Hello" interrupts!
B13: 🥇 | C13: =COUNTIF(D15:D61,TRUE)/COUNT(C15:C61) -> 0 | E13: =IFERROR(__xludf.DUMMYFUNCTION("SPARKLINE(C13,{""charttype"",""bar"";""max"",1;""min"",0;""color1"",IF(C13>0.75,""green"",IF(C13>0.5,""yellow"",""red""))})"),"")
C15: 311 | D15: FALSE | E15: With this objective we introduce the interrupts, THE big idea in embedded systems :)
E16: A microcontroller can implement many sources/triggers of interrupts for its processor (CPU). One simple interrupt
E17: can be the one triggered by the push of an external button. So you push the button and a signal is sent | O17: FOR YOUR INFO | S17: 🔊
E18: through the registers way up until it reaches the CPU. That signal is the interrupt request. Keep in mind this short idea, | N18: FALSE | O18: External Interrupts - SPARK FUN on YouTube
E19: button pressed > pin voltage level changed > interrupt request to CPU, when studying from the microcontroller's | N19: FALSE | O19: Learning AVR-C Episode 9: External Interrupts - YouTube
E20: datasheet the interrupts for your personal understanding. Be aware you will encounter a lot of information noise, but you
E21: have to filter it out... so keep focus on what you have to find to program the interrupts triggered by your button press.
E22: Study: | J22: =COUNTIF(J23:J29,TRUE)/7 -> 0
E23: - chapter 8.1 on how interrupts are implemented.............................................. | J23: FALSE
E24: - chapter 8.3.1 on the Global Interrupt Enable bit effect.................................... | J24: FALSE
E25: - chapter 8.5 on the link between Stack Pointer and interrupts.......................... | J25: FALSE
E26: - chapter 8.8 and down the page chapter 8.8.1 on the behavior of interrupts.... | J26: FALSE
E27: - chapter 14.1 on the Interrupt Vector Table (just the table!!!) ............................. | J27: FALSE
E28: - chapter 15 on the external interrupts mechanism and registers description... | J28: FALSE
E29: - chapter 6 table for pin identification................................................................... | J29: FALSE
C31: 312 | D31: FALSE | E31: Identify and double check within iom324pb.h that the interrupt vector table is implemented correctly.
E32: Go to Compiler Guide (from IAR Embedded Workbench HELP) and read for: | K32: =COUNTIF(K33:K35,TRUE)/3 -> 0
E33: - INTERRUPT FUNCTIONS (pag.64)........................................................................................................ | K33: FALSE
E34: - RESTRICTIONS FOR SPECIAL FUNCTION TYPES => Interrupt functions (pag.163)........................... | K34: FALSE
E35: - __interrupt keyword (pag. 307)................................................................................................................. | K35: FALSE
C37: 313 | D37: FALSE | E37: As your understanding over interrupts grows it is time to introduce the routine executed by the CPU when it will be
E38: interrupted by the external request. So remember the sequence:
E40: button pressed > pin voltage level changed > interrupt request to CPU > jump to vector > executes routine written by you
E42: Our IAR compiler (like any other compiler) uses a special construct to mark the function written by you in C language
E43: as being the routine executed by the CPU in case of interrupt request. Remember that saying it is a FUNCTION
E44: is improper/wrong, the correct saying is INTERRUPT SERVICE ROUTINE, on short ISR. It is a routine and not
E45: a function for some simple reasons: it does not have input parameters, does not return anything and it is not called (!!!)
E46: like a normal function is called within the program. The amount of code you write inside ISR should be kept small.
E47: Below is an example of what you should write (between #pragma and the ISR name you MUST NOT
E48: introduce any other line of code !!! as the compiler after the #pragma is strictly expecting to encounter the routine name!)
E50: #pragma vector=INT2_vect
E51: __interrupt void my_routine(void)
F52: /* the amazing routine for serving the interrupt caused by my button press */
E53: {
F54: /* some code here… e.g. you can turn ON the LED0 here */
E55: }
C57: 314 | D57: FALSE | E57: Establish what kind of settings you should do for the registers supporting external interrupts, knowing the
E58: connection between SW0 and microcontroller's pin. Adapt also the interrupt vector name (above it was just an example).
C59: 315 | D59: FALSE | E59: One small step before running the program is to put a breakpoint somewhere in the code of your ISR. Run
E60: the program, press the SW0 button and your CPU should hit the breakpoint. Congrats! | K60: 👏👏👏
C61: 316 | D61: FALSE | E61: Revisit the exercise with SOS message behavior and refactor it now with the help of external interrupts.
B63: Objective 2: Coding rules
B64: 🥇 | C64: =(COUNTIF(D66:D86,TRUE))/COUNT(C66:C86) -> 0 | E64: =IFERROR(__xludf.DUMMYFUNCTION("SPARKLINE(C64,{""charttype"",""bar"";""max"",1;""min"",0;""color1"",IF(C64>0.75,""green"",IF(C64>0.5,""yellow"",""red""))})"),"")
C66: 321 | D66: FALSE | E66: You need to avoid using magic numbers in the code. They are numbers which at the moment you write the code they
E67: make perfect sense for you and only for you, but the drawback is that it will be non-sense for the colleague that will
E68: make a code-review over your code (which frequently happens in real life projects). Even for yourself, they will become
E69: non-sense after 3 months of not working with that code, you will ask "what was I thinking here?!"
E70: So re-code your program and cover all these magic numbers with "#defines" as in the example:
E71: e.g. change... | F71: set_direction(2,7,1); ...to... | I71: #define PORT_B 2
I72: #define PIN_NUMBER_7 7
I73: #define OUTPUT 1
I74: /******************some code here*****************************/
I75: set_direction(PORT_B, PIN_NUMBER_7, OUTPUT);
I76: /******************************************************************/
C78: 322 | D78: FALSE | E78: Watch this movie clip on magic numbers
C80: 323 | D80: FALSE | E80: Re-design your code wrote so far using the following naming convention:
E81: Name your functions and variables with a prefix which represents the name of the module it belongs to.
F82: e.g. if "led" is my module's name, then:
H83: => led_set_state( ON ) will be the name of the function setting the state ON for that LED
H84: => unsigned char led_state; will be your variable declaration
C86: 324 | D86: FALSE | E86: Watch this movie clip on naming
B88: Objective 3: Building a Control Panel - Internship's main application
B89: 🥇 | C89: =COUNTIF(D91:D98,TRUE)/COUNT(C91:C98) -> 0 | E89: =IFERROR(__xludf.DUMMYFUNCTION("SPARKLINE(C89,{""charttype"",""bar"";""max"",1;""min"",0;""color1"",IF(C89>0.75,""green"",IF(C89>0.5,""yellow"",""red""))})"),"")
C91: 331 | D91: FALSE | E91: Construct your software program so that it can handle the 3 buttons from OLED1 extension board.
E92: The general behavior should be the following: when pressing button X then LED X is on, where X = 1,2,3, and when releasing
E93: button X then LED X is off. You have the freedom to choose what kind of implementation approach
E94: you prefer: polling the button state or trigger interrupts.
C95: 332 | D95: FALSE | E95: Modify your program so that when pressing button X on OLED1 a second time (X=1,2,3), only then LED X is off.
C96: 333 | D96: FALSE | E96: Add to the previous program the following behavior: when button SW0 is pressed then all LED X are
E97: off (no matter their current state on/off) and LED0 is on.
C98: 334 | D98: FALSE | E98: Your customer, BMW, has requested to implement a prototype for a central control panel in the car.
E99: REQUIREMENTS:
E100: The HVAC vents are positioned to blow the AC in 3 directions: left, central and right.
E101: Each vent has its corresponding control button and LED for visual confirmation to the driver about the enabled function
E102: of that particular vent. They are the buttons and LEDs on OLED1 board. Each button push will toggle the function
E103: of the corresponding vent and will toggle accordingly also the corresponding LED. No crosstalks are allowed.
E104: For comfort security BMW has requested that an additional button, SW0, called master control, when it is pushed to block
E105: the function of the entire control panel. The BLOCKED state of the control panel will be implemented as follows:
F106: - LED0 on ATmega324PB main board is activated
F107: - pushing on OLED1 buttons will have no effect on vent and LED indicators from OLED1 (they stay OFF)
F108: - pushing on any OLED1 button will fast blink the LED0 indicating that the panel is blocked
E110: To unblock the panel it is needed to push the SW0 master control again (and the normal functionality is re-established).
B112: Objective 4: Light sensor
B113: 🥇 | C113: =COUNTIF(D115:D131,TRUE)/COUNT(C115:C131) -> 0 | E113: =IFERROR(__xludf.DUMMYFUNCTION("SPARKLINE(C113,{""charttype"",""bar"";""max"",1;""min"",0;""color1"",IF(C113>0.75,""green"",IF(C113>0.5,""yellow"",""red""))})"),"")
C115: 341 | D115: FALSE | E115: Our next big move will be to integrate the light sensor within our project and writing code for handling the analog to digital conversion. | O115: FOR YOUR INFO | S115: 🔊
E116: On short we want to do: connect light sensor to pin, receiving analog signal based on ambient light, convert this signal to a digital value, light up LED. | N116: FALSE | O116: Movie time! :) for understanding what a signal is.
E117: A preview of how the setup will look like is here: | I117: TEMT6000 Ambient Light Sensor with Arduino - YouTube | N117: FALSE | O117: About the frequency and the period of a signal.
N118: FALSE | O118: First movie about (1) ANALOG and DIGITAL signals.
C119: 342 | D119: FALSE | E119: Connect the I/O board with light sensor to EXT4. | N119: FALSE | O119: Second movie about (2) ANALOG and DIGITAL signals.
...

Sheet W2-part2
B1: MARQUARDT SUMMER INTERNSHIP 2023
B2: GOAL FOR THIS WEEK 4: Tack your app with TIMERS | K2: =SUM(C10,C82,C140,C189,C206)/5 -> 0 | M2: =COUNTIF(M71:M249,TRUE)/4 -> 0 | N2: of additional materials [ 4 ]
C3: By the end of this week you should be able to control the TC0 peripheral to measure time.
C4: On short what you will do this week:
D5: - get to setup and control TC0
D6: - measure timings and output pin signals accordingly
B9: Objective | D9: 1 | E9: Getting to know TC0 timer
B10: 🥇 | C10: =(COUNTIF(D12:D60,TRUE))/2 -> 0 | E10: =IFERROR(__xludf.DUMMYFUNCTION("SPARKLINE(C10,{""charttype"",""bar"";""max"",1;""min"",0;""color1"",IF(C10>0.75,""green"",IF(C10>0.5,""yellow"",""red""))})"),"")
C12: 411 | D12: FALSE | E12: Go at the top menu bar: Atmel-ICE -> Fuse Handler -> Low Fuse -> check the box: Divide clock by 8 internally, check the box: Clock output on PORTB1
E13: Select from the drop-down list the Internal RC oscillator 8MHz as shown (the New Value for Low Fuse si 0x22) -> Program Fuses -> Close.
E36: What you have set here is the source for system clock signal. The heartbeat of the system. Internal RC oscillator @ 8MHz frequency, but divided by 8, so
E37: resulting in 1MHz system clock frequency which will be distributed to all peripherals including CPU (as shown below).
E38: Lowering the system clock frequency is a great way to reduce power consumption in embedded systems.
E58: TC0 is an 8bit timer/counter which also receives clock signal from this source (as shown). This TC0 we will study further.
C60: 412 | D60: FALSE | E60: TC0 is on chapter 17 in datasheet. REMEMBER:
E61: Every time you need to work with a peripheral module: | I61: =COUNTIF(E62:E73,TRUE)/8 -> 0
E62: FALSE | F62: -1- you will encounter a lot of information noise, so prepare your mind to filter
E63: FALSE | F63: -2- you will not understand all the information at once, therefore be patient reading 2x, 3x times
E64: FALSE | F64: -3- start with the block diagram; it shows in a simplified manner the overall dynamics of that peripheral; follow
F65: the signals from outside of the capsule via pins to the inside (and/or viceversa) and further to databus along sketched lines;
F66: look also for what clock source has and if interrupt request lines are present there to send interrupt signals to CPU
E67: FALSE | F67: -4- read the overview (with observation 1&2&3 in mind :)
E68: FALSE | F68: -5- check how many registers that peripheral has (to limit your anxiety over the problem)
E69: FALSE | F69: -6- hover the registers description once scanning with your eyes about how can you implement the objective you have in mind (e.g.
F70: for ADC you will want to obtain a digital converted value and use it further, for TIMERS you will want to obtain periodic interrupts, etc.)
E71: FALSE | F71: -7- read the registers description second time looking for how to enable the peripheral, how are you making use of
F72: its functionality and its final result*, how you will work with interrupt requests (if you decide to work with interrupts)
E73: FALSE | F73: -8- read the registers description third time looking to take THE EASIEST decisions over the settings of each bit** (!!!) even if
F74: that means not to modify their default (after reset) value at all (this is a valid decision also, right? :); this is the point
F75: where you should go also to chapters describing the functionalities (e.g. normal mode, etc.) to get more clarifications.
N76: FOR YOUR INFO | O76: 🔊
E77: Note*: in TC0 case the final result will depend on the Operating Mode you choose (in Normal mode final result is interrupt request to CPU at overflow, | M77: FALSE | N77: Introduction to AVR Timers » maxEmbedded
E78: in CTC mode the final result will be an interrupt request to CPU when matching occurs, in PWM mode the final result | M78: FALSE | N78: AVR Timer programming - Tutorials (exploreembedded.com)
E79: will be a digital signal output to physical microcontroller's pin). The following exercises will guide you through. | M79: FALSE | N79: AVR130: Setup and Use of AVR Timers (microchip.com)
B81: Objective | D81: 2 | E81: Start simple: NORMAL MODE of operation for TC0
B82: 🥇 | C82: =(COUNTIF(D84:D114,TRUE)+COUNTIF(D127:AD136,TRUE))/8 -> 0 | E82: =IFERROR(__xludf.DUMMYFUNCTION("SPARKLINE(C82,{""charttype"",""bar"";""max"",1;""min"",0;""color1"",IF(C82>0.75,""green"",IF(C82>0.5,""yellow"",""red""))})"),"")
C84: 421 | D84: FALSE | E84: Your big task now is to make TC0 work in NORMAL MODE (from 0x00 to 0xFF) obtaining an interrupt at overflow.
E86: After reading the TC0 datasheet information (registers & functionalities) you should have these questions.
E87: Note**: Here you can find some good start decisions:
E89: Register | F89: Questions | I89: Good start decisions
E90: TCCR0A | F90: Should I use Compare Mode for channel A or B? | I90: None. Remember we are in NORMAL MODE
I91: not in any of the Compare Modes.
F92: What values WGM0[1:0] bits should have? | I92: These 2 bits + WGM02 single bit in TCCR0B
I93: will determine the NORMAL MODE of operation
E94: TCCR0B | F94: Should I force an output signal to pin OC0A ? | I94: No. NORMAL MODE cannot output signals on pin.
F95: What prescaler should I use? | I95: Start with NO PRESCALING (1MHz from system clock)
I96: Feeding in a prescaler will start the timer. Therefore
I97: this is the last thing you do after all settings are done.
I98: You can make your own Excel calculator to determine
I99: the time measured based on system clock frequency,
I100: prescaler and timer resolution (8bits)
E101: TIMSK0 | F101: What interrupt should I enable? | I101: Overflow Interrupt Enable (overflow is the only trigger
I102: point for interrupts in NORMAL MODE)
E103: GTCCR | F103: Should I use synchro mode and prescalers there? | I103: No. Remember we are using NORMAL MODE.
E104: TCNT0 | F104: Should I write/read any counter value? | I104: No. In NORMAL MODE we are using the interrupt
I105: request raised at overflow, not counter value.
E106: OCR0A | F106: Should I use output compare A ? | I106: No. We are in NORMAL MODE, not any compare mode.
E107: OCR0B | F107: Should I use output compare B ? | I107: No. We are in NORMAL MODE, not any compare mode.
E108: TIFR0 | F108: Should I process these Interrupt Flags? | I108: No. We are relying on interrupt request served by
I109: the CPU and NOT relying on polling the Interrupt Flag
I110: to check when overflow occurs.
C112: 422 | D112: FALSE | E112: Introduce the corresponding interrupt service routine, breakpoint and hit!!! | J112: 👏👏👏
C114: 423 | D114: FALSE | E114: Do the math calculations for minimum and maximum of real time you can natively measure with NORMAL MODE until overflow, all prescalers considered.
E115: It is a combination of:
F116: - HOW FAST timer can count: system clock frequency (1MHz) with prescaler (1, 8, ..., 1024) results in the counting frequency
F117: - HOW MUCH timer can count: TC0 maximum value for overflow (0xFF)
E119: MIN => | G119: MAX =>
E121: How can you extend the maximum real time measured in NORMAL MODE ?
F122: (<<< your answer here)
C124: 424 | D124: FALSE | E124: OPTIONAL | F124: What can you say about the jitter (deviation in time) introduced when extending the maximum real time measured in NORMAL MODE?
F125: (<<< your answer here)
C127: 425 | D127: FALSE | E127: Time your LED0 on and off at 1 second interval (exercise 216 revisited! but this time without software delays!) managed
E128: by TC0 Timer working in NORMAL MODE of operation with the help of interrupt service routine.
C130: 426 | D130: FALSE | E130: What min, max frequency would have the signal on LED0 toggled from within ISR in case of min, max prescalers?
E131: FREQ MIN => | G131: FREQ MAX =>
C132: 427 | D132: FALSE | E132: Use button SW0 to cycle through the possible frequencies (5 prescalers = 5 different frequencies).
E133: Use LED0 for your demonstration.
C134: 428 | D134: FALSE | E134: Build a 5 seconds countdown timer using the 5 LEDs you have on all the boards: the countdown shall start when SW0 is pressed. The initial system state
E135: is that all LEDs are on, then for each substracted second one LED goes off.
C136: 429 | D136: FALSE | E136: Re-design your BMW Control Panel Application with the introduction of timer feature.
E137: You can e.g. introduce a timer managed delay or a reading of the button from ISR.
B139: Objective | D139: 3 | E139: CTC MODE of operation for TC0
B140: 🥇 | C140: =(COUNTIF(D142:D181,TRUE))/8 -> 0 | E140: =IFERROR(__xludf.DUMMYFUNCTION("SPARKLINE(C140,{""charttype"",""bar"";""max"",1;""min"",0;""color1"",IF(C140>0.75,""green"",IF(C140>0.5,""yellow"",""red""))})"),"")
C142: 431 | D142: FALSE | E142: On short:
E143: CTC MODE is an enhancement of NORMAL MODE which gives you the possibility to have an interrupt request before overflow happens.
E144: The interrupt request is generated when TCNT0 register value matches OCR0A register value.
E145: Additionally, the pin labeled OC0A can be used to toggle its level when matching occurs. | N145: FOR YOUR INFO | O145: 🔊
M146: FALSE | N146: Learning AVR-C Episode 6: Timers - YouTube
E147: Re-make the process described at NORMAL MODE for setting the registers for TC0 to work on CTC MODE obtaining an interrupt at OCR0A = 127.
C149: 432 | D149: FALSE | E149: What pin is OC0A? | H149: (<<< your answer here)
E150: Which LED is connected to it? | I150: (<<< your answer here)
E151: Using the Waveform Generator toggle the OC0A pin on match with OCR0A=127. Within the same program, but from inside ISR code, toggle another
E152: pin which has LED connected.
E153: What do you observe with respect to the two LEDs blinking behavior? | J153: (<<< your answer here)
E154: If they are out-of-synch, make them to be turned on/off synchronously (both on, both off).
E156: How much real time (use ms/miliseconds) can be measured with OCR0A = 127 ? | K156: (<<< your answer here)
E157: What other real timings you can measure having the same OCR0A = 127 ? | K157: (<<< your answer here)
C159: 433 | D159: FALSE | E159: Build code to output a waveform (you are free to choose on which pin) with a period of 100ms.
E160: Is this observable with the human eye? | I160: (<<< your observation here)
C162: 434 | D162: FALSE | E162: Do the math calculations for minimum and maximum of real time you can natively measure with CTC MODE, all prescalers considered.
...

Sheet W3-part1
B1: MARQUARDT SUMMER INTERNSHIP 2023
B2: GOAL FOR THIS WEEK 5: Build a task scheduler | K2: =SUM(C10,C59,C103,C119)/4 -> 0 | M2: =COUNTIF(M58:M99,TRUE)/4 -> 0 | N2: of additional materials [ 0 ]
C3: By the end of this week you should be able to understand and implement processor time scheduling.
C4: On short what you will do this week:
D5: - use TC0 to build a scheduling algorithm
D6: - design your application with task/function scheduling perspective
B9: Objective | D9: 1 | E9: Building from scratch a TASK SCHEDULER
B10: 🥇 | C10: =(COUNTIF(D12:D47,TRUE))/5 -> 0 | E10: =IFERROR(__xludf.DUMMYFUNCTION("SPARKLINE(C10,{""charttype"",""bar"";""max"",1;""min"",0;""color1"",IF(C10>0.75,""green"",IF(C10>0.5,""yellow"",""red""))})"),"")
C12: 511 | D12: FALSE | E12: First we relied on the while(1) loop to make the CPU go through our functions calls and execute those functions.
E13: Then we added interrupts, forcing the CPU to respond to events with routines execution.
E14: We had no concern about the "time" the CPU is spending with a particular function execution.
E15: A task scheduler is about that: taking care of CPU spent time on functions execution.
E16: Because "CPU time" is a resource, we would like to share this resource cooperatively among the functions from our program.
E17: Therefore we allocate a "time slot" or "time slice" for each function. Time slot/slice is the time passed between two consecutive timer interrupts.
E18: Time slots are periodic as timer interrupts are periodic. So each function has its CPU execution between two timer interrupts.
E19: How you trigger the execution of a function? Allocate a flag for each function and activate that flag for the time slot you want the execution to happen.
E20: Flags are activated within the ISR. This selective activation of flags is called flags management and it's similar to what you exercised last week by
E21: extending real time measurements beyond the maximum timings TC0 could provide.
E22: One more thing remains to do before scheduling is complete: looping through the flags and check if they are activated. If yes, then it's time to call
E23: that particular function to which this time slice has been allocated.
E24: At its core, a task scheduler consists of:
... E27: 3. tasks dispatcher
C29: 512 | D29: FALSE | E29: System Tick
E30: Choose a timer that will be dedicated to construct the system tick, e.g. TC0 or TC1. Set the timer for interrupts at 10ms precise interval.
E31: ATTENTION! in order for you to obtain the most accurate 10ms interval you have to research what is the best setup. So, play around with:
E32: => | F32: the initial settings for oscillator (uncheck the option "Divide clock by 8 internally" and/or choose external oscillator)
E33: => | F33: the 8bit vs. 16bit timers
E34: Remember that you are looking for the smallest deviation/offset from the 10ms mark...... and make a final decision!
E35: Now you have an accurate system tick. As file organization is concerned, this interrupt service routine should be placed in the corresponding timer module.
E36: The timer you choose will remain dedicated to do the scheduling and you cannot use it for something else in your program.
C37: 513 | D37: FALSE | E37: Flags Manager
E38: Starting with 10ms period build other longer periods of time: 50ms, 100ms, 500ms, 1000ms. Dedicate flag variables for each period.
E39: Optionally you can add more periods. You can gather all these into a single function, e.g. void scheduler_flags_management (void).
E40: Call it from within the ISR.
E41: As file organization is concerned, this flags management function should be placed in scheduler module.
C42: 514 | D42: FALSE | E42: Tasks Dispatcher
E43: Inside the while(1) loop you will check for the flags associated to the defined time slots and if they are set, then the associated function will be called.
E44: After the call, that particular flag must be reset in order to avoid the second call of the same function per current time slice when while(1) is re-entered.
E45: The final result of these constructs will be that each function call is time-spaced apart by a time slice of 10ms. Precisely! What a schedule!!!
E46: It is a cooperative schedule because functions are not prioritized, they do not interrupt each other. | K46: 👏👏👏
C47: 515 | D47: FALSE | E47: A final makeup for file organization to be complete:
E48: -1- replace the particular function calls with generic function calls (these are tasks), e.g. task_500ms( ); Within the
E49: body of the generic functions you now relocate the call to particular functions.
E50: e.g. void task_500ms (void) {
F51: led_on( );
F52: }
E53: This relocation and generic functions creation is a nice way to prepare our task scheduler to be used in any other context just by replacing the led_on() call.
E54: -2- relocate the while(1) loop inside void schedule_tasks_dispatcher (void) function, which will be the core of the task scheduler.
E55: Relocate this function in the scheduler module and call it from within the main module (in similar way as Arduino Framework does with loop ( ) function).
C56: 516 | D56: FALSE | E56: OPTIONAL | F56: Can you improve the flags storage so that they would occupy less memory? Experiment with your code.
B58: Objective | D58: 2 | E58: Ambient Light Application REVISITED
B59: 🥇 | C59: =(COUNTIF(D61:D96,TRUE))/3 -> 0 | E59: =IFERROR(__xludf.DUMMYFUNCTION("SPARKLINE(C59,{""charttype"",""bar"";""max"",1;""min"",0;""color1"",IF(C59>0.75,""green"",IF(C59>0.5,""yellow"",""red""))})"),"")
C61: 521 | D61: FALSE | E61: A task is executed when the corresponding flag of the time slice (e.g. 50ms) is set by the flag manager.
E62: You can populate a task with any function call you want. Thinking about your application as a sum of periodic events it is like
E63: designing your application to work in a task based environment, or with other words you are doing task oriented application design.
E65: *Note: in the software design paradigm, the terms of provided interfaces and required interfaces are used. Interfaces are functions.
E66: Interfaces provided by a module outside of it are publicly declared or have no static keyword in front of their name
E67: The required interfaces of a module are those empty functions (no code in their body). They are already called somewhere in the code
E68: of the current module.
E70: The software engineer who includes the current module in his software program will need to write custom code into those
E71: functions to create the desired functionality. In other words, a module's callbacks are points in the code of that module
E72: from where CPUs can be assigned to an unknown code at the time the module was created. In our case, at the moment of creating
E73: the SCHEDULER module it is not known which code the tasks will have, but the scheduler reserves points in his code to give
E74: control of the program to some later written functions (tasks of LEDs ignition, reading buttons, etc. ...).
E75: Graphically, using UML schemes, the concepts are as follows:
... E87: scheduler_cfg.c, contains initially the tasks empty bodies and after you decide what to connect with that task (what function to be called
F88: when task is executed) contains that function call; acts as the collection of these hooks
E89: scheduler_cfg.h, contains prototypes of required functions
C91: 522 | D91: FALSE | E91: Go to Ambient Light Application and refactor the code as follows:
E92: -1- encapsulate/hide the data result to adc module (use static keyword)
E93: -2- provide a "get" interface / function to use the data result in other modules, e.g. adc_get_data( );
E94: -3- make use of task scheduler to schedule the start of conversion, getting and using the data result for ambient light indicator (the 3 LEDs)
C96: 523 | D96: FALSE | E96: Use an online tool for UML diagrams to make a diagram for connections you decided between scheduler module and other modules of your program.
E97: Use a UML component diagram type and the lollipop notation as above. Highlight the provided/required functions/tasks.
E98: e.g. online tools: | G98: draw.io
G99: smartdraw.com
G100: visual-paradigm.com
B102: Objective | D102: 3 | E102: Understanding DEBOUNCE with Task Scheduler
B103: 🥇 | C103: =(COUNTIF(D105:D107,TRUE))/3 -> 0 | E103: =IFERROR(__xludf.DUMMYFUNCTION("SPARKLINE(C103,{""charttype"",""bar"";""max"",1;""min"",0;""color1"",IF(C103>0.75,""green"",IF(C103>0.5,""yellow"",""red""))})"),"")
C105: 531 | D105: FALSE | E105: Software Debounce
C106: 532 | D106: FALSE | E106: Hardware Debounce
C107: 533 | D107: FALSE | E107: The BOUNCE term applies to electric signal generated when we press the button.
E108: The DEBOUNCE term intervenes when we want to read the signal. Can be implemented by reading 5x times the same signal generated when we push
E109: the button. The readings are spaced-time apart with the help of the scheduler tasks. Finally the principle applied to the acquired 5 samples is the
E110: majority principle: all samples must be with the same value (00000 or 11111) to consider the button pressed or not-pressed. The samples can be stored
E111: temporary in a buffer (that means a variable whose bits are shifted to the left each time a new sample is acquired).
E112: The debounce is done continously, all the time: with other words it is like a 5 samples window which is moving along the signal. So one sample in,
E113: one sample out, one sample in, one sample out, etc.
E114: We can characterize the debounce in terms of time:
G115: debounce time = task of X ms * no. of samples, e.g. reading 5 samples within 10ms task => 50ms debounce time.
C116: 534 | D116: FALSE | E116: OPTIONAL | F116: Use the UML Activity Diagram type to illustrate the debounce algorithm (within the same online tools you have used before).
B118: Objective | D118: 4 | E118: Control Panel REVISITED
B119: 🥇 | C119: =(COUNTIF(D121,TRUE))/1 -> 0 | E119: =IFERROR(__xludf.DUMMYFUNCTION("SPARKLINE(C119,{""charttype"",""bar"";""max"",1;""min"",0;""color1"",IF(C119>0.75,""green"",IF(C119>0.5,""yellow"",""red""))})"),"")
C121: 541 | D121: FALSE | E121: Go to BMW Control Panel Application and refactor the code as follows:
F122: - introduce the task scheduler for handling of buttons and LEDs behavior
F123: - use debounce algorithm for a stable state of buttons
B126: END OF WEEK 5

Sheet W3-part2
B1: MARQUARDT SPRING INTERNSHIP 2023
B2: GOAL FOR THIS WEEK 6: Fine tunning with PWM and State Machines | K2: =SUM(C11,C19,C44,C71,C128,C200,C214,C304)/8 -> 0 | M2: =COUNTIF(M18:M67,TRUE)/4 -> 0 | N2: of additional materials [ 0 ]
C3: By the end of this week you should be able to understand and implement PULSE WIDTH MODULATION + STATE MACHINES.
C4: On short what you will do this week:
D5: - use TC0/TC1 to build PWM signals
D6: - control the brightness of LEDs with PWM
D7: - understand and use the concept of state machines
B10: Objective | D10: 1 | E10: Understanding PWM signals
B11: 🥇 | C11: =(COUNTIF(D13:D16,TRUE))/4 -> 0 | E11: =IFERROR(__xludf.DUMMYFUNCTION("SPARKLINE(C11,{""charttype"",""bar"";""max"",1;""min"",0;""color1"",IF(C11>0.75,""green"",IF(C11>0.5,""yellow"",""red""))})"),"")
C13: 611 | D13: FALSE | E13: PWM attributes
C14: 612 | D14: FALSE | E14: How PWM works
C15: 613 | D15: FALSE | E15: PWM with AVR timers explained
C16: 614 | D16: FALSE | E16: An example with PWM
B18: Objective | D18: 2 | E18: Fast PWM MODE of operation for TC0
B19: 🥇 | C19: =(COUNTIF(D21:D41,TRUE))/6 -> 0 | E19: =IFERROR(__xludf.DUMMYFUNCTION("SPARKLINE(C19,{""charttype"",""bar"";""max"",1;""min"",0;""color1"",IF(C19>0.75,""green"",IF(C19>0.5,""yellow"",""red""))})"),"")
C21: 621 | D21: FALSE | E21: The Fast PWM is an operating mode of TC0 timer.
E22: Having already some experience with ADC operation and Normal/CTC modes of operation for TC0, you are now able to study chapter 17 in the
E23: datasheet, looking for Fast PWM Mode. You should apply the same 8 identified steps as for the aforementioned operations.
C24: 622 | D24: FALSE | E24: Check on the boards (user guides, schematics) to what pins you can output a PWM signal and if those pins have LEDs connected !!!
E25: Not all pins can support/output PWM signals.
C26: 623 | D26: FALSE | E26: Construct a new module for PWM feature containing the appropriate functions (remember: initialization, atomic actions, etc...)
E27: Do the math for implementing into one single function the following 5 use cases with PWM:
F28: - output a PWM signal with 100% duty cycle
F29: - output a PWM signal with 75% duty cycle
F30: - output a PWM signal with 50% duty cycle
F31: - output a PWM signal with 25% duty cycle
F32: - output a PWM signal with 0% duty cycle
E33: Individually apply each case to the LED identified as supporting PWM.
C35: 624 | D35: FALSE | E35: Having the Task Scheduler as your best friend (!) design an application where you incrementally apply these use cases to the LED identified
E36: as supporting PWM.
E37: e.g. you can apply the signal in an incremental way: on the first run of 10ms task you apply 0% duty cycle, on the second you apply 25% duty cycle,
E38: on the third 50%, and so on and so forth, then start all over again.
C39: 625 | D39: FALSE | E39: What is the duty cycle resolution of the PWM signals (=the smallest duty cycle % step you can increment with) that can be build on TC0 ?
E40: Number of steps: | G40: (<<< answer here) | I40: Step size (resolution in %): | L40: (<<< answer here)
C41: 626 | D41: FALSE | E41: Add a new feature to your PWM driver: the possibility to change the duty-cycle with 1% step size. You would build a new provided interface e.g. void pwm_dc(int param);
B43: Objective | D43: 3 | E43: Complex behaviors
B44: 🥇 | C44: =(COUNTIF(D46:D56,TRUE))/2 -> 0 | E44: =IFERROR(__xludf.DUMMYFUNCTION("SPARKLINE(C44,{""charttype"",""bar"";""max"",1;""min"",0;""color1"",IF(C44>0.75,""green"",IF(C44>0.5,""yellow"",""red""))})"),"")
C46: 631 | D46: FALSE | E46: Build the next behavior for the LED identified as supporting PWM. The sequence described will be repetitive with pause (=PWM duty cycle 0%) of 3s.
E47: Be very attentive as the graphic below shows not the duty-cycle of a PWM signal, but the variation (!!!) of the PWM duty-cycle across time.
E48: The duty-cycle resolution you choose for ramping up PWM from 0% to 100% is up-to-you.
C56: 632 | D56: FALSE | E56: Build the next behavior for the LED identified as supporting PWM. Be attentive to the indications of the scale!
C64: 633 | D64: FALSE | E64: OPTIONAL | F64: Build an application varying the PWM signal applied to an LED based on sinus function, f(x) = sin(x). Note that it is impractical to look over
F65: full and continous range of f(x) values, therefore you should consider only few discrete points (time, dc%).
C66: 634 | D66: FALSE | E66: OPTIONAL | F66: The Heart Beat illumination pattern is encountered in RENAULT products made by Marquardt.
F67: In Reference Documents folder you will find the HeartBeat_illumination_pattern.xlsx file which presents you the variation of the PWM signal.
F68: Build an application based on the Heart Beat illumination pattern.
B70: Objective | D70: 4 | E70: HYUNDAI Imaginary Use Case
B71: 🥇 | C71: =(COUNTIF(D73,TRUE))/1 -> 0 | E71: =IFERROR(__xludf.DUMMYFUNCTION("SPARKLINE(C71,{""charttype"",""bar"";""max"",1;""min"",0;""color1"",IF(C71>0.75,""green"",IF(C71>0.5,""yellow"",""red""))})"),"")
C73: 641 | D73: FALSE | E73: HYUNDAI is an important asian customer for Marquardt. It plans a new Elantra carline to be unveiled next year. Today they are in prototyping phase.
E74: A Request For Bid (RFB) has been sent to Marquardt Rietheim Headquarters for a rapid prototype on Elantra's dashboard background illumination control.
E75: Therefore the management of Marquardt set up a mixed german-romanian team to make a prototype and go to Seoul, South Koreea next week.
E76: You are part of this team. If presentation to the customer is good then your team wins the project! Heavy responsability on you!
J78: There are a just few requirements received from Hyundai. Lack of
J79: details force you to take some engineering decisions to go on.
J80: The requirements are refering to a day illumination design (that
J81: means the way LEDs are behaving during the day light intensity)
J82: and a night illumination design (that means the way LEDs are
J83: behaving during night light intensity). Both designs are based
J84: on the measured ambient light intensity within the driver's cockpit.
J85: The measurements are based on TEMT6000 light sensor which
J86: outputs an analog signal (high light intensity = low voltage, and
E87: low light intensity = high voltage). To make a good impression to the presentation in Seoul, you have chosen to use 10bit ADC resolution which assures a fine
E88: grain reading of the light intensity. On the main board (ATmega324PB Xplained PRO) you choose SW0 switch to enable the headlights, therefore also the
E89: interior light intensity measurements are started in parallel. You need these initial measurements to detect if your prototype should behave in day or night mode.
E91: Once again, Hyundai detailed only the entry phase in the illumination design (when driver switches on the headlights!) and not the complete behavior (e.g. what
E92: happens after entry phase when ambient light is changing continously, how reactive the prototype should be or the illumination curve response after entry phase).
E93: The latter are up to you, to propose a certain design so that you please the customer. You can also counter-propose to Hyundai a different approach to the entry
E94: phase, but this only after you presented his request :) e.g. maybe you observed the requested illumination pattern to be too agressive for the human eye because
E95: of the PWM entry levels or too faint and not observable
E96: Remember: in prototyping it is room for negociation, the final objective is to please the customer within realistic technological possibilities and win the project.
E98: Additionally with OLED1 board you implement the visual feedback to the driver/passenger in the car. Use two LEDs, LED1 and LED2 for
E99: background illumination in Day mode and Night Mode. Each time SW0 is pressed then the driver scenario turning on the headlights is repeated.
E100: Take care that Hyundai has a preference over the entry phase in Day/Night design (see Table 741.1 and Table 741.2).
E102: Table 741.1
E103: Eye Perceived Light Levels | F103: PWM % duty-cycle ABSOLUTE entry level | G103: Design/Mode
E104: 0 - 20 | F104: 0.15 | G104: Night
E105: 21 - 40 | F105: 0.2 | G105: Night
E106: 41 - 50 | F106: 0.42 | G106: Day
E107: 51 - 70 | F107: 0.8 | G107: Day
E108: 71 - 100 | F108: 0.9 | G108: Day
E110: Table 741.2
E111: Time [sec] | F111: Entry phase Night mode RELATIVE steps | G111: Entry phase Day mode RELATIVE steps
E112: 0 | F112: 0 | G112: 0
E113: 0.2 | F113: 1 | G113: 4
E114: 0.4 | F114: 1 | G114: 7
E115: 0.6 | F115: 3 | G115: 16
E116: 0.8 | F116: 7 | G116: 44
E117: 1 | F117: 16 | G117: 59
E118: 1.2 | F118: 16 | G118: 59
E119: 1.4 | F119: 14 | G119: 55
E120: 1.6 | F120: 12 | G120: 50
E121: 1.8 | F121: 10 | G121: 45
E122: 2 | F122: 8 | G122: 40
E124: Success in winning the project !!! Enjoy your 22h flight and don't forget to come back with some souvenirs from Seoul !!!
G125: 🛫 | H125: 🛬
B127: Objective 5: Measuring the code size
B128: 🥇 | C128: =COUNTIF(D130:D188,TRUE)/5 -> 0 | E128: =IFERROR(__xludf.DUMMYFUNCTION("SPARKLINE(C128,{""charttype"",""bar"";""max"",1;""min"",0;""color1"",IF(C128>0.75,""green"",IF(C128>0.5,""yellow"",""red""))})"),"")
C130: 651 | D130: FALSE | E130: Why bother measuring the code size? In embedded systems we don't have at our disposal too much memory,
E131: from ~2KB to ~8MB, therefore it becomes a highly important resource you should take care about.
E132: Activate memory map by right-click on Project Name => Options => Linker => List and make sure you mark the
...

Sheet W3-part3
B1: MARQUARDT SUMMER INTERNSHIP 2024
B2: GOAL FOR THIS WEEK 2 - part 2: UART Serial Communication | K2: =SUM(C10,C29,C50,C58)/4 -> 0 | M2: =COUNTIF(M28:M84,TRUE)/4 -> 0 | N2: of additional materials [ 0 ]
C3: By the end of this week you should be able to design and implement a serial communication.
C4: On short what you will do this week:
D5: - understand the concept of serial communication
D6: - apply the concept of serial communication to your application
B9: Objective | D9: 1 | E9: Understanding Serial Communication
B10: 🥇 | C10: =(COUNTIF(D12:D23,TRUE))/8 -> 0 | E10: =IFERROR(__xludf.DUMMYFUNCTION("SPARKLINE(C10,{""charttype"",""bar"";""max"",1;""min"",0;""color1"",IF(C10>0.75,""green"",IF(C10>0.5,""yellow"",""red""))})"),"")
C12: 711 | D12: FALSE | E12: Understanding Serial Protocols - YouTube
C13: 712 | D13: FALSE | E13: Understanding UART - YouTube
C14: 713 | D14: FALSE | E14: PROTOCOLS: UART - I2C - SPI - Serial communications #001 - YouTube
C15: 714 | D15: FALSE | E15: UART (Universal Asynchronous Receiver Transmitter) - Basics - YouTube
C16: 715 | D16: FALSE | E16: UART - Troubleshooting tips (Debugging UART issues) - YouTube
C17: 716 | D17: FALSE | E17: Tutorials for the AVR Microcontroller : UART
C18: 717 | D18: FALSE | E18: FOR YOUR INFORMATION: RS-232 is a very similar serial protocol to UART (it is similar because in its simplest form has the same hardware connections and uses the
E19: UART frame definition, but voltage levels are very different). It is used today mainly for industrial applications. Also your PC could still have the DB9 connector for RS-232.
E20: Serial Ports Are STILL Around! - YouTube
E21: Serial Ports - YouTube
E22: Control LEDs with your computer using RS232! - YouTube
C23: 718 | D23: FALSE | E23: FOR YOUR INFORMATION: Inside your car there is LIN serial communication protocol which uses the UART hardware connections, frame definition and voltage levels.
E24: However, the number of frames, their sequence and the meaning of data sent with the frames is what makes LIN a new protocol on top of UART definitions.
E25: Marquardt develops products based on LIN protocol.
E26: LIN Message Frame - Developer Help (microchipdeveloper.com)
B28: Objective | D28: 2 | E28: Setting up the USART
B29: 🥇 | C29: =(COUNTIF(D31:D44,TRUE))/4 -> 0 | E29: =IFERROR(__xludf.DUMMYFUNCTION("SPARKLINE(C29,{""charttype"",""bar"";""max"",1;""min"",0;""color1"",IF(C29>0.75,""green"",IF(C29>0.5,""yellow"",""red""))})"),"")
C31: 721 | D31: FALSE | E31: First, observe that for our microcontroller the naming is not UART (as general accepted) but USART. The letter S comes from a feature enhancement of this peripheral:
E32: the engineers have decided to add a clock line, transforming the asynchronous UART into a synchronous one. The synchronous communication is not an UART anymore
E33: but an SPI (Serial Peripheral Interface) using the same hardware with UART. You can look at this enhacement as two mutual exclusive modes of operations of the same
E34: USART hardware module. We will not use the synchonous mode, therefore we will implement an asynchronous UART communication using the USART periferal.
E35: For the sake of consistency we will keep the datasheet naming only for the peripheral references and the register names, but use UART name every time we refer
E36: to the communication protocol.
C37: 722 | D37: FALSE | E37: To implement a simple UART communication we will use the IO1 board.
E38: Observe that on the IO1 board there is a black jumper which connects the TX and RX of the same USART peripheral (e.g. USART0). This connection is called loopback.
E39: We will use those TX, RX connected together to simulate the communication between two different microcontrollers. Imagine that TX is from MCU1 sending messages
E40: and RX is from MCU2 receiving the messages. This is a simplex communication (one way communication, as MCU2 will not be able to respond back to MCU1,
E41: because RX pin cannot transmit, it only receives, but that's ok for our purpose here).
C42: 723 | D42: FALSE | E42: Identify (using schematics and User Guides) the exact peripheral name which has the TX, RX exposed on IO1. Is it USART0, USART1 or USART2?
F43: (<<< answer here)
C44: 724 | D44: FALSE | E44: Use the same approach as you had for ADC and TIMER peripherals to study the datasheet chapter for USART peripheral. Observe there is a chapter also dedicated
E45: to the USART in SPI mode which we will NOT use.
E46: Therefore ask yourself how many registers there are, what settings to choose (keep it simple!), how does UART communication works (keep it simple in using the features).
E47: Today you have become a mature engineer and you can take acountable decisions for yourself. | J47: Congrats! | K47: 👏👏👏
B49: Objective | D49: 3 | E49: Implement driver and test application
B50: 🥇 | C50: =(COUNTIF(D52:D55,TRUE))/2 -> 0 | E50: =IFERROR(__xludf.DUMMYFUNCTION("SPARKLINE(C50,{""charttype"",""bar"";""max"",1;""min"",0;""color1"",IF(C50>0.75,""green"",IF(C50>0.5,""yellow"",""red""))})"),"")
C52: 731 | D52: FALSE | E52: Implement a new software driver for your peripheral: start simple (send a single byte, receiving a single byte), then you can complicate things more (like sending/receiving
E53: a couple of bytes which could represent a string). Be attentive to the separation of concerns (what a driver is supposed to do, and what an application is supposed to do) and
E54: give appropriate names for the files, functions, variables.
C55: 732 | D55: FALSE | E55: With the help of the new constructed driver, make an application to send and receive the "Hello World!" string. Again, be attentive to the separation of concerns of application vs. driver.
B57: Objective | D57: 4 | E57: Control Panel Application ... AGAIN ?! ... as a masterpiece ;)
B58: 🥇 | C58: =(COUNTIF(D60,TRUE))/1 -> 0 | E58: =IFERROR(__xludf.DUMMYFUNCTION("SPARKLINE(C58,{""charttype"",""bar"";""max"",1;""min"",0;""color1"",IF(C58>0.75,""green"",IF(C58>0.5,""yellow"",""red""))})"),"")
C60: 741 | D60: FALSE | E60: Go to BMW Control Panel Application and refactor the code using the serial UART communication (simplex, that means one way) as follows:
F61: - imagine that on the physical microcontroller (ATmega324PB) we construct two virtual microcontrollers (MCU1 and MCU2)
F62: - these two virtual microcontrollers are connected by TX/RX line forming a simplex master-slave communication channel (MCU1 = master and MCU2 = slave)
F63: - all the buttons from your system will be read by virtual MCU1 via the physical pins of ATmega324PB
F64: - the buttons states are interpreted by virtual MCU1 and apropriate LEDs states are build and stored by virtual MCU1 but not executed
F65: - virtual MCU1 will send over UART protocol ( by TX physical pin) the appropriate data/commands for LEDs light on/off behavior
F66: - virtual MCU2 (the slave) will receive these data (by RX physical pin) and execute/implement the LEDs behavior as requested by virtual MCU1 (the master)
B69: END OF WEEK 7 AND OF INTERNSHIP ! CONGRATS ! | G69: 👏👏👏
